{
    "taskDefinitionArn": "arn:aws:ecs:eu-west-1:517691465982:task-definition/toy-api-task-fixed:7",
    "containerDefinitions": [
        {
            "name": "toy-api",
            "image": "517691465982.dkr.ecr.eu-west-1.amazonaws.com/toy-api:latest",
            "cpu": 0,
            "portMappings": [
                {
                    "containerPort": 5000,
                    "hostPort": 5000,
                    "protocol": "tcp",
                    "name": "toy-api-5000-tcp",
                    "appProtocol": "http"
                }
            ],
            "essential": true,
            "environment": [
                {
                    "name": "PORT",
                    "value": "8080"
                },
                {
                    "name": "LOG_LEVEL",
                    "value": "INFO"
                },
                {
                    "name": "APP_ENV",
                    "value": "production"
                }
            ],
            "environmentFiles": [],
            "mountPoints": [],
            "volumesFrom": [],
            "ulimits": [],
            "logConfiguration": {
                "logDriver": "awslogs",
                "options": {
                    "awslogs-group": "/ecs/toy-api",
                    "awslogs-create-group": "true",
                    "awslogs-region": "eu-west-1",
                    "awslogs-stream-prefix": "ecs"
                },
                "secretOptions": []
            },
            "systemControls": []
        }
    ],
    "family": "toy-api-task-fixed",
    "taskRoleArn": "arn:aws:iam::517691465982:role/ecsTaskExecutionRoleForExec",
    "executionRoleArn": "arn:aws:iam::517691465982:role/ecsTaskExecutionRole",
    "networkMode": "awsvpc",
    "revision": 7,
    "volumes": [],
    "status": "ACTIVE",
    "requiresAttributes": [
        {
            "name": "com.amazonaws.ecs.capability.logging-driver.awslogs"
        },
        {
            "name": "ecs.capability.execution-role-awslogs"
        },
        {
            "name": "com.amazonaws.ecs.capability.ecr-auth"
        },
        {
            "name": "com.amazonaws.ecs.capability.docker-remote-api.1.19"
        },
        {
            "name": "com.amazonaws.ecs.capability.task-iam-role"
        },
        {
            "name": "ecs.capability.execution-role-ecr-pull"
        },
        {
            "name": "com.amazonaws.ecs.capability.docker-remote-api.1.18"
        },
        {
            "name": "ecs.capability.task-eni"
        },
        {
            "name": "com.amazonaws.ecs.capability.docker-remote-api.1.29"
        }
    ],
    "placementConstraints": [],
    "compatibilities": [
        "EC2",
        "FARGATE"
    ],
    "runtimePlatform": {
        "cpuArchitecture": "X86_64",
        "operatingSystemFamily": "LINUX"
    },
    "requiresCompatibilities": [
        "FARGATE"
    ],
    "cpu": "1024",
    "memory": "3072",
    "registeredAt": "2025-07-27T17:38:49.661000+02:00",
    "registeredBy": "arn:aws:iam::517691465982:root",
}
